operating_microscope	page	PC	dentistry	cat
pulmonary_hygiene	page	PC	respiratory_therapy	cat
pulmonary_hygiene	page	PC	respiratory_system_procedures	cat
kinesitherapy	page	PC	massage_therapy	cat
health_gods	cat	CP	lenus	page
medical_districts	cat	CP	seomyeon_medical_street	page
medical_districts	cat	CP	university_avenue_(toronto)	page
medical_districts	cat	CP	macquarie_street,_sydney	page
health_gods	cat	CsupC	gods_by_association	cat
health_gods	cat	CsupC	health_deities	cat
radiation_health_effects_researchers	cat	CsupC	medical_researchers	cat
radiation_health_effects_researchers	cat	CsupC	radiobiologists	cat
medical_controversies	cat	CsubC	mmr_vaccine_controversy	cat
medical_controversies	cat	CsubC	anti-vivisection_movement	cat
medical_controversies	cat	CsubC	human_subject_research	cat
medical_controversies	cat	CsubC	gulf_war_syndrome	cat